Date,Gold Price,Gold Price (% Change),US10Y yields,US10Y yields (bp Change)
1962-02-28,35.0,0.0,4.039444444444444,-4.373737373737363
1962-03-31,35.0,0.0,3.930454545454545,-10.89898989898992
1962-04-30,35.23,0.657142857142845,3.843,-8.745454545454523
1962-05-31,35.0,-0.652852682372973,3.8736363636363635,3.0636363636363573
1962-06-30,35.0,0.0,3.909047619047619,3.541125541125556
1962-07-31,35.0,0.0,4.014285714285714,10.523809523809513
1962-08-31,35.0,0.0,3.9756521739130433,-3.863354037267097
1962-09-30,35.23,0.657142857142845,3.978947368421052,0.32951945080088585
1962-10-31,35.0,-0.652852682372973,3.9254545454545453,-5.3492822966506814
1962-11-30,35.0,0.0,3.9157894736842107,-0.9665071770334599
1962-12-31,35.23,0.657142857142845,3.8645000000000005,-5.128947368421022
1963-01-31,35.0,-0.652852682372973,3.833636363636364,-3.0863636363636537
1963-02-28,35.0,0.0,3.921111111111111,8.747474747474726
1963-03-31,35.0,0.0,3.9285714285714284,0.7460317460317167
1963-04-30,35.0,0.0,3.970952380952381,4.238095238095241
1963-05-31,35.0,0.0,3.93,-4.095238095238063
1963-06-30,35.0,0.0,3.993,6.299999999999972
1963-07-31,35.0,0.0,4.0204545454545455,2.745454545454562
1963-08-31,35.0,0.0,4.002272727272727,-1.818181818181852
1963-09-30,35.0,0.0,4.0775,7.52272727272727
1963-10-31,35.0,0.0,4.106086956521739,2.8586956521738927
1963-11-30,35.0,0.0,4.121764705882353,1.5677749360614612
1963-12-31,35.0,0.0,4.128571428571429,0.6806722689075784
1964-01-31,35.0,0.0,4.166818181818182,3.8246753246752974
1964-02-29,35.0,0.0,4.145555555555556,-2.126262626262587
1964-03-31,35.0,0.0,4.2195238095238095,7.396825396825335
1964-04-30,35.0,0.0,4.232272727272727,1.2748917748917954
1964-05-31,35.1,0.28571428571428914,4.2,-3.227272727272723
1964-06-30,35.1,0.0,4.170000000000001,-2.999999999999936
1964-07-31,35.0,-0.2849002849002913,4.1859090909090915,1.590909090909065
1964-08-31,35.0,0.0,4.1938095238095245,0.7900432900433074
1964-09-30,35.0,0.0,4.203809523809523,0.9999999999998899
1964-10-31,35.0,0.0,4.188095238095238,-1.5714285714285126
1964-11-30,35.0,0.0,4.152777777777778,-3.5317460317460636
1964-12-31,35.1,0.28571428571428914,4.179545454545455,2.6767676767676996
1965-01-31,35.0,-0.2849002849002913,4.189500000000001,0.9954545454545993
1965-02-28,35.0,0.0,4.211111111111111,2.161111111111058
1965-03-31,35.0,0.0,4.210434782608695,-0.0676328502415835
1965-04-30,35.0,0.0,4.203809523809523,-0.6625258799171974
1965-05-31,35.0,0.0,4.2115,0.7690476190476581
1965-06-30,35.0,0.0,4.213181818181819,0.16818181818187838
1965-07-31,35.12,0.34285714285713365,4.204761904761905,-0.8419913419913883
1965-08-31,35.0,-0.3416856492027276,4.252272727272727,4.751082251082206
1965-09-30,35.0,0.0,4.29047619047619,3.820346320346335
1965-10-31,35.0,0.0,4.3495,5.902380952380959
1965-11-30,35.0,0.0,4.448947368421052,9.94473684210524
1965-12-31,35.0,0.0,4.615454545454546,16.650717703349383
1966-01-31,35.0,0.0,4.612380952380953,-0.307359307359345
1966-02-28,35.0,0.0,4.832105263157895,21.97243107769422
1966-03-31,35.0,0.0,4.8734782608695655,4.137299771167058
1966-04-30,35.0,0.0,4.75,-12.347826086956548
1966-05-31,35.0,0.0,4.7785714285714285,2.857142857142847
1966-06-30,35.0,0.0,4.8145454545454545,3.597402597402599
1966-07-31,35.0,0.0,5.018,20.345454545454533
1966-08-31,35.0,0.0,5.224347826086956,20.634782608695623
1966-09-30,35.0,0.0,5.182380952380952,-4.196687370600394
1966-10-31,35.0,0.0,5.0115,-17.088095238095224
1966-11-30,35.0,0.0,5.155263157894737,14.376315789473715
1966-12-31,35.0,0.0,4.842857142857143,-31.240601503759358
1967-01-31,35.0,0.0,4.579047619047619,-26.380952380952483
1967-02-28,35.0,0.0,4.626666666666667,4.761904761904834
1967-03-31,35.0,0.0,4.541818181818182,-8.484848484848495
1967-04-30,35.0,0.0,4.593500000000001,5.168181818181861
1967-05-31,35.0,0.0,4.847727272727273,25.422727272727208
1967-06-30,35.0,0.0,5.0227272727272725,17.499999999999982
1967-07-31,35.0,0.0,5.159000000000001,13.627272727272821
1967-08-31,35.0,0.0,5.275652173913044,11.665217391304328
1967-09-30,35.0,0.0,5.3020000000000005,2.6347826086956516
1967-10-31,35.0,0.0,5.480952380952381,17.895238095238053
1967-11-30,35.0,0.0,5.7535,27.25476190476188
1967-12-31,35.0,0.0,5.699,-5.449999999999999
1968-01-31,36.0,2.857142857142847,5.528636363636363,-17.03636363636365
1968-02-29,36.0,0.0,5.563684210526316,3.504784688995244
1968-03-31,37.0,2.777777777777768,5.74,17.631578947368443
1968-04-30,38.0,2.7027027027026973,5.6385,-10.150000000000059
1968-05-31,41.0,7.8947368421052655,5.869545454545454,23.104545454545455
1968-06-30,41.0,0.0,5.718,-15.15454545454542
1968-07-31,39.0,-4.878048780487809,5.495454545454546,-22.254545454545394
1968-08-31,39.0,0.0,5.420454545454546,-7.500000000000018
1968-09-30,40.18,3.0256410256410238,5.46,3.9545454545454106
1968-10-31,39.0,-2.9367844698855117,5.5826086956521745,12.260869565217458
1968-11-30,40.0,2.564102564102555,5.696111111111112,11.350241545893702
1968-12-31,41.0,2.499999999999991,6.031904761904762,33.579365079365076
1969-01-31,42.0,2.4390243902439046,6.041818181818181,0.9913419913418764
1969-02-28,43.0,2.3809523809523725,6.1889473684210525,14.712918660287144
1969-03-31,43.0,0.0,6.296,10.705263157894773
1969-04-30,43.0,0.0,6.173333333333333,-12.266666666666737
1969-05-31,43.0,0.0,6.323333333333333,15.000000000000036
1969-06-30,41.0,-4.651162790697672,6.574285714285715,25.095238095238148
1969-07-31,42.0,2.4390243902439046,6.71952380952381,14.523809523809561
1969-08-31,41.0,-2.3809523809523836,6.691428571428572,-2.8095238095238173
1969-09-30,41.0,0.0,7.159523809523809,46.80952380952368
1969-10-31,40.0,-2.4390243902439046,7.095454545454545,-6.4069264069264165
1969-11-30,37.0,-7.499999999999996,7.144117647058824,4.866310160427911
1969-12-31,35.0,-5.405405405405405,7.654090909090908,50.997326203208445
1970-01-31,35.0,0.0,7.794761904761905,14.067099567099639
1970-02-28,35.0,0.0,7.238333333333333,-55.64285714285715
1970-03-31,35.0,0.0,7.072857142857143,-16.547619047619033
1970-04-30,36.0,2.857142857142847,7.390909090909091,31.80519480519477
1970-05-31,36.0,0.0,7.906190476190476,51.528138528138534
1970-06-30,35.0,-2.777777777777779,7.841818181818183,-6.43722943722933
1970-07-31,35.0,0.0,7.457272727272727,-38.45454545454557
1970-08-31,35.0,0.0,7.527142857142857,6.987012987012964
1970-09-30,36.0,2.857142857142847,7.38952380952381,-13.761904761904642
1970-10-31,38.0,5.555555555555558,7.326666666666667,-6.285714285714317
1970-11-30,37.0,-2.631578947368418,6.841111111111111,-48.5555555555556
1970-12-31,37.0,0.0,6.391363636363636,-44.974747474747545
1971-01-31,38.0,2.7027027027026973,6.2385,-15.286363636363554
1971-02-28,39.0,2.6315789473684292,6.112222222222222,-12.627777777777816
1971-03-31,39.0,0.0,5.7034782608695656,-40.87439613526564
1971-04-30,39.0,0.0,5.833809523809524,13.033126293995867
1971-05-31,41.0,5.128205128205132,6.3925,55.869047619047585
1971-06-30,40.0,-2.4390243902439046,6.522272727272727,12.977272727272737
1971-07-31,41.0,2.499999999999991,6.729523809523809,20.72510822510818
1971-08-31,43.0,4.878048780487809,6.582727272727272,-14.679653679653715
1971-09-30,42.0,-2.3255813953488413,6.13952380952381,-44.32034632034618
1971-10-31,43.0,2.3809523809523725,5.925789473684211,-21.373433583959933
1971-11-30,43.0,0.0,5.8100000000000005,-11.578947368421044
1971-12-31,43.0,0.0,5.926363636363636,11.636363636363534
1972-01-31,46.0,6.976744186046502,5.947619047619048,2.125541125541197
1972-02-29,48.0,4.347826086956519,6.081,13.33809523809526
1972-03-31,48.0,0.0,6.068636363636363,-1.236363636363702
1972-04-30,49.0,2.083333333333326,6.1945,12.586363636363629
1972-05-31,55.0,12.244897959183664,6.126363636363636,-6.813636363636366
1972-06-30,62.0,12.72727272727272,6.1068181818181815,-1.9545454545454533
1972-07-31,66.0,6.451612903225801,6.113,0.6181818181818954
1972-08-31,67.0,1.5151515151515138,6.210434782608695,9.743478260869498
1972-09-30,65.0,-2.985074626865669,6.5495,33.90652173913047
1972-10-31,65.0,0.0,6.4795,-7.000000000000028
1972-11-30,63.0,-3.076923076923077,6.2805,-19.899999999999984
1972-12-31,64.0,1.5873015873015817,6.3585,7.800000000000029
1973-01-31,65.0,1.5625,6.464545454545455,10.604545454545455
1973-02-28,74.0,13.846153846153841,6.635555555555555,17.10101010101006
1973-03-31,84.0,13.513513513513509,6.709090909090909,7.3535353535353565
1973-04-30,91.0,8.333333333333325,6.6685,-4.059090909090912
1973-05-31,102.0,12.08791208791209,6.847272727272727,17.877272727272686
1973-06-30,120.0,17.647058823529417,6.9,5.272727272727362
1973-07-31,120.0,0.0,7.130952380952381,23.095238095238102
1973-08-31,107.0,-10.833333333333329,7.404782608695652,27.38302277432707
1973-09-30,103.0,-3.738317757009346,7.090526315789473,-31.425629290617874
1973-10-31,100.0,-2.9126213592232997,6.7942857142857145,-29.624060150375886
1973-11-30,95.0,-5.000000000000004,6.7284999999999995,-6.5785714285715
1973-12-31,107.0,12.631578947368416,6.7436842105263155,1.5184210526316022
1974-01-31,129.0,20.560747663551403,6.988636363636363,24.49521531100478
1974-02-28,150.0,16.279069767441868,6.957222222222223,-3.1414141414140673
1974-03-31,168.0,12.00000000000001,7.2090476190476185,25.182539682539584
1974-04-30,172.0,2.3809523809523725,7.512380952380952,30.333333333333368
1974-05-31,163.0,-5.232558139534882,7.57590909090909,6.35281385281381
1974-06-30,154.0,-5.521472392638039,7.535500000000001,-4.040909090908951
1974-07-31,143.0,-7.14285714285714,7.805000000000001,26.949999999999985
1974-08-31,155.0,8.391608391608397,8.04409090909091,23.909090909090924
1974-09-30,152.0,-1.9354838709677469,8.0375,-0.6590909090910202
1974-10-31,159.0,4.6052631578947345,7.8968181818181815,-14.068181818181813
1974-11-30,182.0,14.465408805031444,7.681111111111111,-21.57070707070705
1974-12-31,184.0,1.098901098901095,7.433809523809523,-24.730158730158802
1975-01-31,176.0,-4.347826086956519,7.501363636363636,6.755411255411303
1975-02-28,180.0,2.2727272727272707,7.392222222222222,-10.914141414141376
1975-03-31,178.0,-1.1111111111111072,7.728,33.577777777777754
1975-04-30,170.0,-4.49438202247191,8.226818181818182,49.88181818181818
1975-05-31,167.0,-1.764705882352946,8.05952380952381,-16.72943722943714
1975-06-30,164.0,-1.7964071856287456,7.860952380952382,-19.85714285714284
1975-07-31,165.0,0.6097560975609762,8.061363636363636,20.041125541125382
1975-08-31,163.0,-1.2121212121212088,8.397619047619047,33.62554112554115
1975-09-30,144.0,-11.65644171779141,8.426666666666668,2.9047619047620543
1975-10-31,143.0,-0.694444444444442,8.137727272727274,-28.893939393939405
1975-11-30,142.0,-0.6993006993006978,8.052941176470588,-8.478609625668554
1975-12-31,139.0,-2.1126760563380254,7.996818181818182,-5.6122994652406
1976-01-31,131.05,-5.719424460431643,7.742380952380953,-25.443722943722946
1976-02-29,131.0,-0.03815337657383511,7.792777777777778,5.039682539682566
1976-03-31,133.0,1.526717557251911,7.734347826086956,-5.8429951690822435
1976-04-30,128.0,-3.759398496240607,7.564285714285714,-17.006211180124176
1976-05-31,127.0,-0.78125,7.8950000000000005,33.07142857142864
1976-06-30,126.0,-0.7874015748031482,7.861363636363635,-3.363636363636502
1976-07-31,118.0,-6.349206349206349,7.831904761904762,-2.9458874458873296
1976-08-31,110.0,-6.779661016949157,7.768636363636364,-6.3268398268398585
1976-09-30,114.0,3.6363636363636376,7.594285714285713,-17.435064935065014
1976-10-31,116.0,1.7543859649122862,7.411,-18.328571428571383
1976-11-30,130.0,12.06896551724137,7.291052631578947,-11.994736842105258
1976-12-31,134.0,3.076923076923066,6.869090909090909,-42.19617224880379
1977-01-31,132.0,-1.4925373134328401,7.213333333333333,34.42424242424238
1977-02-28,136.0,3.0303030303030276,7.3910526315789475,17.77192982456146
1977-03-31,148.0,8.823529411764696,7.460000000000001,6.894736842105331
1977-04-30,149.0,0.6756756756756799,7.3705,-8.950000000000102
1977-05-31,147.0,-1.342281879194629,7.456666666666667,8.616666666666717
1977-06-30,141.0,-4.081632653061229,7.275454545454545,-18.12121212121216
1977-07-31,143.0,1.4184397163120588,7.330000000000001,5.454545454545556
1977-08-31,145.0,1.3986013986013957,7.396521739130435,6.652173913043402
1977-09-30,149.53,3.1241379310344763,7.343809523809524,-5.271221532091097
1977-10-31,159.0,6.333177288838354,7.5235,17.96904761904763
1977-11-30,162.0,1.8867924528301883,7.577368421052632,5.386842105263145
1977-12-31,160.0,-1.2345679012345734,7.685238095238095,10.7869674185463
1978-01-31,173.0,8.125000000000004,7.956190476190477,27.095238095238194
1978-02-28,178.0,2.8901734104046284,8.033333333333333,7.714285714285651
1978-03-31,184.0,3.370786516853941,8.03590909090909,0.25757575757570095
1978-04-30,175.0,-4.891304347826086,8.154,11.809090909090969
1978-05-31,176.0,0.5714285714285783,8.345714285714285,19.171428571428528
1978-06-30,184.0,4.545454545454541,8.462272727272728,11.655844155844264
1978-07-31,189.0,2.717391304347827,8.64,17.772727272727273
1978-08-31,206.0,8.994708994709,8.410869565217391,-22.913043478260953
1978-09-30,212.0,2.9126213592232997,8.416500000000001,0.5630434782609939
1978-10-31,227.0,7.0754716981132,8.642380952380952,22.588095238095107
1978-11-30,206.0,-9.251101321585908,8.805,16.261904761904766
1978-12-31,208.0,0.9708737864077666,9.006499999999999,20.149999999999935
1979-01-31,227.0,9.134615384615374,9.099545454545455,9.304545454545554
1979-02-28,246.0,8.370044052863435,9.098333333333333,-0.1212121212121886
1979-03-31,242.0,-1.6260162601625994,9.117272727272727,1.8939393939394478
1979-04-30,239.11,-1.1942148760330507,9.181999999999999,6.472727272727141
1979-05-31,258.0,7.9001296474426,9.252380952380953,7.038095238095465
1979-06-30,279.0,8.139534883720923,8.913809523809524,-33.8571428571429
1979-07-31,295.0,5.7347670250896154,8.95,3.6190476190474996
1979-08-31,301.0,2.033898305084736,9.029565217391305,7.956521739130551
1979-09-30,355.0,17.94019933554818,9.334736842105263,30.517162471395842
1979-10-31,392.0,10.422535211267615,10.299090909090909,96.43540669856456
1979-11-30,392.0,0.0,10.653157894736841,35.40669856459324
1979-12-31,455.0,16.07142857142858,10.386,-26.715789473684204
1980-01-31,675.0,48.35164835164836,10.802272727272728,41.627272727272846
1980-02-29,665.0,-1.4814814814814836,12.414736842105263,161.24641148325355
1980-03-31,554.0,-16.69172932330827,12.74904761904762,33.43107769423561
1980-04-30,517.0,-6.678700361010826,11.473333333333333,-127.57142857142867
1980-05-31,514.0,-0.5802707930367523,10.181428571428572,-129.19047619047603
1980-06-30,601.0,16.926070038910513,9.778095238095238,-40.33333333333342
1980-07-31,643.0,6.988352745424287,10.247727272727273,46.963203463203484
1980-08-31,627.0,-2.488335925349927,11.101904761904763,85.41774891774895
1980-09-30,674.0,7.496012759170645,11.508571428571429,40.66666666666663
1980-10-31,661.0,-1.928783382789323,11.751363636363635,24.279220779220623
1980-11-30,625.0,-5.446293494704991,12.68470588235294,93.3342245989305
1980-12-31,538.0,-13.919999999999998,12.844090909090909,15.938502673796862
1981-01-31,557.0,3.531598513011147,12.568571428571428,-27.551948051948116
1981-02-28,500.0,-10.23339317773788,13.194444444444445,62.5873015873017
1981-03-31,499.0,-0.20000000000000018,13.115909090909092,-7.853535353535257
1981-04-30,496.0,-0.6012024048096198,13.67952380952381,56.361471861471735
1981-05-31,480.0,-3.2258064516129004,14.0995,41.99761904761914
1981-06-30,461.0,-3.9583333333333304,13.472272727272726,-62.7227272727275
1981-07-31,409.0,-11.279826464208242,14.280909090909091,80.86363636363654
1981-08-31,410.0,0.24449877750611915,14.937142857142858,65.62337662337666
1981-09-30,444.0,8.292682926829276,15.323809523809524,38.66666666666667
1981-10-31,438.0,-1.3513513513513487,15.14809523809524,-17.571428571428527
1981-11-30,413.0,-5.707762557077622,13.392777777777777,-175.53174603174622
1981-12-31,410.0,-0.7263922518159771,13.724545454545455,33.17676767676776
1982-01-31,384.0,-6.341463414634141,14.594,86.94545454545448
1982-02-28,374.0,-2.604166666666663,14.425555555555556,-16.844444444444306
1982-03-31,330.0,-11.764705882352944,13.861304347826087,-56.42512077294697
1982-04-30,350.0,6.060606060606055,13.871904761904762,1.0600414078675513
1982-05-31,334.0,-4.571428571428571,13.622499999999999,-24.940476190476346
1982-06-30,315.0,-5.688622754491012,14.299545454545454,67.70454545454552
1982-07-31,339.0,7.619047619047614,13.946190476190477,-35.3354978354977
1982-08-31,364.0,7.374631268436582,13.055,-89.11904761904772
1982-09-30,437.0,20.05494505494505,12.33904761904762,-71.59523809523805
1982-10-31,422.0,-3.4324942791762014,10.9065,-143.25476190476198
1982-11-30,415.0,-1.6587677725118488,10.550526315789474,-35.59736842105252
1982-12-31,445.0,7.2289156626506035,10.54,-1.052631578947505
1983-01-31,481.0,8.089887640449444,10.457142857142857,-8.285714285714185
1983-02-28,491.0,2.079002079002068,10.724736842105264,26.75939849624065
1983-03-31,420.0,-14.46028513238289,10.506521739130434,-21.821510297482938
1983-04-30,433.0,3.0952380952380842,10.4,-10.652173913043406
1983-05-31,438.0,1.1547344110854452,10.379999999999999,-2.000000000000135
1983-06-30,413.0,-5.707762557077622,10.848636363636363,46.863636363636374
1983-07-31,403.0,-2.421307506053272,11.376999999999999,52.836363636363615
1983-08-31,416.0,3.2258064516129004,11.846086956521738,46.908695652173904
1983-09-30,412.0,-0.9615384615384581,11.653809523809523,-19.22774327122152
1983-10-31,394.0,-4.3689320388349495,11.541,-11.280952380952236
1983-11-30,382.0,-3.0456852791878153,11.690000000000001,14.900000000000091
1983-12-31,388.0,1.5706806282722585,11.82952380952381,13.95238095238085
1984-01-31,371.0,-4.381443298969067,11.674285714285714,-15.52380952380954
1984-02-29,386.0,4.043126684636111,11.842105263157896,16.78195488721812
1984-03-31,394.0,2.0725388601036343,12.319090909090908,47.698564593301285
1984-04-30,381.0,-3.2994923857868064,12.6335,31.44090909090913
1984-05-31,377.0,-1.049868766404205,13.408636363636363,77.51363636363635
1984-06-30,378.0,0.2652519893899141,13.562857142857142,15.422077922077904
1984-07-31,348.0,-7.936507936507942,13.362380952380953,-20.04761904761896
1984-08-31,348.0,0.0,12.716086956521737,-64.62939958592156
1984-09-30,340.0,-2.298850574712641,12.522631578947369,-19.345537757436837
1984-10-31,341.0,0.2941176470588225,12.160454545454543,-36.21770334928254
1984-11-30,342.0,0.2932551319648091,11.572631578947368,-58.78229665071757
1984-12-31,320.0,-6.432748538011701,11.499500000000001,-7.313157894736655
1985-01-31,303.0,-5.312499999999998,11.384285714285713,-11.521428571428771
1985-02-28,299.0,-1.320132013201325,11.508888888888889,12.460317460317505
1985-03-31,314.0,5.0167224080267525,11.855238095238096,34.634920634920796
1985-04-30,327.0,4.140127388535042,11.434761904761904,-42.0476190476192
1985-05-31,316.0,-3.3639143730886834,10.84681818181818,-58.794372294372366
1985-06-30,317.0,0.31645569620253333,10.156,-69.08181818181802
1985-07-31,317.0,0.0,10.306818181818182,15.081818181818107
1985-08-31,330.0,4.100946372239744,10.331818181818182,2.5000000000000355
1985-09-30,323.0,-2.1212121212121238,10.373157894736842,4.13397129186599
1985-10-31,326.0,0.9287925696594534,10.236818181818181,-13.633971291866054
1985-11-30,322.0,-1.2269938650306789,9.781578947368422,-45.52392344497598
1985-12-31,322.0,0.0,9.25904761904762,-52.25313283208024
1986-01-31,347.0,7.763975155279512,9.193809523809524,-6.523809523809554
1986-02-28,339.0,-2.3054755043227626,8.704210526315789,-48.95989974937347
1986-03-31,346.0,2.0648967551622377,7.778499999999999,-92.57105263157897
1986-04-30,340.0,-1.7341040462427793,7.29909090909091,-47.94090909090896
1986-05-31,342.0,0.588235294117645,7.70952380952381,41.04329004328999
1986-06-30,343.0,0.29239766081872176,7.7995238095238095,8.999999999999986
1986-07-31,348.0,1.4577259475218707,7.303181818181818,-49.63419913419918
1986-08-31,377.0,8.333333333333325,7.1657142857142855,-13.74675324675323
1986-09-30,418.0,10.875331564986745,7.447619047619048,28.190476190476232
1986-10-31,424.0,1.4354066985645897,7.426363636363636,-2.125541125541197
1986-11-30,398.0,-6.132075471698117,7.250555555555555,-17.580808080808108
1986-12-31,391.0,-1.7587939698492483,7.112727272727272,-13.782828282828241
1987-01-31,408.0,4.347826086956519,7.0845,-2.82272727272721
1987-02-28,401.0,-1.715686274509809,7.2505263157894735,16.602631578947324
1987-03-31,409.0,1.9950124688279391,7.248636363636364,-0.18899521531094976
1987-04-30,438.0,7.090464547677255,8.022857142857143,77.42207792207792
1987-05-31,460.0,5.022831050228316,8.613,59.01428571428564
1987-06-30,450.0,-2.1739130434782594,8.402272727272727,-21.07272727272722
1987-07-31,451.0,0.22222222222221255,8.44681818181818,4.454545454545311
1987-08-31,461.0,2.2172949002217335,8.76047619047619,31.365800865800963
1987-09-30,460.0,-0.2169197396963085,9.421904761904763,66.14285714285728
1987-10-31,465.0,1.0869565217391353,9.520000000000001,9.809523809523846
1987-11-30,468.0,0.6451612903225712,8.860526315789473,-65.94736842105284
1987-12-31,486.0,3.8461538461538547,8.987727272727271,12.720095693779854
1988-01-31,477.0,-1.851851851851849,8.66578947368421,-32.19377990430612
1988-02-29,442.0,-7.337526205450729,8.212,-45.37894736842105
1988-03-31,444.0,0.4524886877828038,8.373478260869565,16.147826086956485
1988-04-30,452.0,1.8018018018018056,8.7185,34.5021739130436
1988-05-31,451.0,-0.22123893805309214,9.08904761904762,37.05476190476187
1988-06-30,451.0,0.0,8.921363636363637,-16.768398268398244
1988-07-31,438.0,-2.882483370288247,9.056000000000001,13.463636363636411
1988-08-31,431.0,-1.5981735159817378,9.260434782608696,20.44347826086952
1988-09-30,413.0,-4.176334106728541,8.977142857142857,-28.329192546583926
1988-10-31,407.0,-1.4527845036319653,8.7955,-18.164285714285633
1988-11-30,420.0,3.194103194103204,8.9625,16.69999999999998
1988-12-31,419.0,-0.23809523809523725,9.105714285714285,14.321428571428463
1989-01-31,404.0,-3.5799522673030992,9.0915,-1.4214285714285069
1989-02-28,388.0,-3.960396039603964,9.168947368421053,7.744736842105304
1989-03-31,390.0,0.5154639175257714,9.357727272727272,18.87799043062195
1989-04-30,384.0,-1.538461538461533,9.1755,-18.22272727272729
1989-05-31,371.0,-3.385416666666663,8.85909090909091,-31.64090909090902
1989-06-30,368.0,-0.8086253369272267,8.277272727272727,-58.1818181818182
1989-07-31,375.0,1.9021739130434812,8.0185,-25.877272727272782
1989-08-31,365.0,-2.6666666666666616,8.112608695652174,9.410869565217439
1989-09-30,362.0,-0.8219178082191747,8.1905,7.789130434782621
1989-10-31,367.0,1.3812154696132506,8.007619047619048,-18.28809523809518
1989-11-30,394.0,7.3569482288828425,7.8742857142857146,-13.333333333333375
1989-12-31,409.39,3.9060913705583733,7.836,-3.8285714285714256
1990-01-31,410.0,0.14900217396613957,8.206666666666667,37.06666666666667
1990-02-28,417.0,1.7073170731707332,8.473157894736843,26.649122807017633
1990-03-31,393.0,-5.755395683453235,8.588636363636363,11.547846889951963
1990-04-30,374.0,-4.834605597964381,8.7855,19.68636363636378
1990-05-31,369.0,-1.3368983957219305,8.758181818181818,-2.7318181818182907
1990-06-30,352.0,-4.607046070460708,8.48,-27.818181818181742
1990-07-31,363.0,3.125,8.471428571428572,-0.8571428571428896
1990-08-31,395.0,8.81542699724518,8.752608695652174,28.118012422360295
1990-09-30,389.0,-1.518987341772149,8.893157894736841,14.054919908466701
1990-10-31,381.0,-2.0565552699228773,8.719545454545456,-17.36124401913859
1990-11-30,382.0,0.2624671916010568,8.392,-32.754545454545614
1990-12-31,377.0,-1.308900523560208,8.075,-31.700000000000017
1991-01-31,384.0,1.8567639257294433,8.091904761904763,1.6904761904763532
1991-02-28,364.0,-5.2083333333333375,7.854736842105264,-23.716791979949914
1991-03-31,363.0,-0.27472527472527375,8.11,25.526315789473575
1991-04-30,358.0,-1.377410468319562,8.039090909090909,-7.090909090909037
1991-05-31,357.0,-0.27932960893854997,8.067727272727273,2.8636363636364237
1991-06-30,367.0,2.8011204481792618,8.284,21.62727272727274
1991-07-31,368.0,0.27247956403269047,8.272727272727273,-1.1272727272727323
1991-08-31,356.0,-3.2608695652173947,7.9,-37.2727272727273
1991-09-30,349.0,-1.96629213483146,7.65,-25.0
1991-10-31,359.0,2.865329512893977,7.527272727272727,-12.272727272727302
1991-11-30,360.0,0.278551532033422,7.417368421052632,-10.990430622009573
1991-12-31,362.0,0.5555555555555536,7.088571428571429,-32.87969924812026
1992-01-31,354.0,-2.209944751381221,7.032380952380953,-5.619047619047635
1992-02-29,354.0,0.0,7.337894736842105,30.55137844611524
1992-03-31,344.0,-2.824858757062143,7.542272727272728,20.437799043062288
1992-04-30,339.0,-1.4534883720930258,7.480476190476191,-6.179653679653718
1992-05-31,337.0,-0.5899705014749235,7.392,-8.847619047619038
1992-06-30,341.0,1.1869436201780381,7.261818181818182,-13.018181818181862
1992-07-31,353.0,3.5190615835777095,6.844545454545455,-41.727272727272705
1992-08-31,343.0,-2.832861189801694,6.585714285714286,-25.88311688311684
1992-09-30,345.0,0.5830903790087438,6.415238095238095,-17.04761904761911
1992-10-31,344.0,-0.28985507246376274,6.589047619047619,17.380952380952408
1992-11-30,335.0,-2.6162790697674465,6.873157894736842,28.411027568922265
1992-12-31,335.0,0.0,6.77,-10.315789473684234
1993-01-31,329.0,-1.7910447761193993,6.6000000000000005,-16.999999999999904
1993-02-28,329.0,0.0,6.258947368421053,-34.10526315789477
1993-03-31,330.0,0.3039513677811634,5.975217391304348,-28.3729977116705
1993-04-30,342.0,3.6363636363636376,5.9695238095238095,-0.5693581780538359
1993-05-31,367.0,7.309941520467844,6.0355,6.597619047619041
1993-06-30,372.0,1.3623978201634968,5.962727272727273,-7.277272727272699
1993-07-31,392.0,5.376344086021501,5.805238095238095,-15.748917748917801
1993-08-31,379.0,-3.316326530612246,5.677727272727273,-12.751082251082213
1993-09-30,355.0,-6.33245382585752,5.36,-31.77272727272724
1993-10-31,364.0,2.5352112676056304,5.334,-2.600000000000069
1993-11-30,374.0,2.7472527472527375,5.724,39.00000000000006
1993-12-31,383.0,2.406417112299475,5.774090909090909,5.009090909090919
1994-01-31,387.0,1.0443864229765065,5.750500000000001,-2.3590909090908774
1994-02-28,382.0,-1.2919896640826822,5.9731578947368416,22.265789473684094
1994-03-31,384.0,0.5235602094240788,6.482608695652174,50.94508009153324
1994-04-30,377.0,-1.822916666666663,6.972105263157895,48.94965675057206
1994-05-31,381.0,1.0610079575596787,7.183333333333333,21.12280701754381
1994-06-30,386.0,1.3123359580052396,7.101363636363636,-8.196969696969703
1994-07-31,385.0,-0.2590673575129543,7.298,19.66363636363644
1994-08-31,380.0,-1.2987012987012991,7.236086956521739,-6.191304347826065
1994-09-30,392.0,3.157894736842115,7.457142857142857,22.10559006211179
1994-10-31,390.0,-0.5102040816326481,7.744,28.685714285714248
1994-11-30,384.0,-1.538461538461533,7.955,21.10000000000003
1994-12-31,379.0,-1.302083333333337,7.813809523809524,-14.119047619047631
1995-01-31,379.0,0.0,7.7795000000000005,-3.4309523809523235
1995-02-28,377.0,-0.527704485488123,7.469473684210525,-31.002631578947515
1995-03-31,382.0,1.3262599469495928,7.204782608695653,-26.46910755148726
1995-04-30,391.0,2.3560209424083878,7.062631578947368,-14.215102974828486
1995-05-31,385.0,-1.534526854219953,6.632727272727274,-42.99043062200943
1995-06-30,388.0,0.7792207792207684,6.168181818181818,-46.45454545454557
1995-07-31,386.0,-0.5154639175257714,6.2780000000000005,10.981818181818248
1995-08-31,384.0,-0.5181347150259086,6.488260869565217,21.026086956521617
1995-09-30,383.0,-0.26041666666666297,6.1975,-29.076086956521685
1995-10-31,383.0,0.0,6.044761904761905,-15.2738095238095
1995-11-30,385.0,0.5221932114882533,5.93047619047619,-11.428571428571477
1995-12-31,387.0,0.5194805194805197,5.7115,-21.897619047619
1996-01-31,399.0,3.100775193798455,5.652380952380953,-5.911904761904729
1996-02-29,405.0,1.5037593984962516,5.8055,15.31190476190476
1996-03-31,396.0,-2.2222222222222254,6.268571428571428,46.30714285714275
1996-04-30,393.0,-0.7575757575757569,6.511363636363637,24.27922077922089
1996-05-31,392.0,-0.2544529262086481,6.736818181818182,22.545454545454557
1996-06-30,385.0,-1.7857142857142905,6.912000000000001,17.518181818181855
1996-07-31,383.0,-0.5194805194805197,6.865454545454545,-4.654545454545556
1996-08-31,387.0,1.0443864229765065,6.635454545454545,-23.000000000000043
1996-09-30,383.0,-1.033591731266148,6.832000000000001,19.65454545454559
1996-10-31,381.0,-0.5221932114882533,6.533636363636364,-29.83636363636366
1996-11-30,378.0,-0.7874015748031482,6.203684210526316,-32.99521531100478
1996-12-31,369.0,-2.3809523809523836,6.302380952380952,9.869674185463584
1997-01-31,355.0,-3.7940379403794022,6.579047619047619,27.66666666666664
1997-02-28,347.0,-2.2535211267605604,6.419473684210526,-15.957393483709215
1997-03-31,352.0,1.4409221902017322,6.6945,27.502631578947323
1997-04-30,344.0,-2.2727272727272707,6.885454545454545,19.095454545454515
1997-05-31,344.0,0.0,6.7109523809523814,-17.450216450216338
1997-06-30,341.0,-0.8720930232558155,6.493809523809524,-21.714285714285708
1997-07-31,324.0,-4.985337243401755,6.220454545454545,-27.335497835497957
1997-08-31,324.0,0.0,6.298571428571429,7.811688311688414
1997-09-30,323.0,-0.30864197530864335,6.208571428571428,-9.000000000000075
1997-10-31,325.0,0.6191950464396356,6.029545454545455,-17.902597402597298
1997-11-30,306.0,-5.846153846153845,5.875,-15.45454545454552
1997-12-31,289.0,-5.555555555555558,5.808636363636364,-6.63636363636364
1998-01-31,289.0,0.0,5.5445,-26.41363636363634
1998-02-28,297.0,2.768166089965396,5.574736842105263,3.023684210526323
1998-03-31,296.0,-0.33670033670033517,5.647272727272727,7.253588516746401
1998-04-30,308.0,4.054054054054057,5.637619047619047,-0.9653679653680136
1998-05-31,299.0,-2.922077922077926,5.6525,1.488095238095255
1998-06-30,292.0,-2.341137123745818,5.496363636363636,-15.613636363636374
1998-07-31,293.0,0.3424657534246478,5.461363636363637,-3.4999999999999254
1998-08-31,284.0,-3.0716723549488067,5.341904761904762,-11.945887445887493
1998-09-30,289.0,1.760563380281699,4.806666666666667,-53.52380952380953
1998-10-31,296.0,2.422145328719716,4.529999999999999,-27.66666666666673
1998-11-30,294.0,-0.6756756756756799,4.827368421052632,29.73684210526324
1998-12-31,292.0,-0.6802721088435382,4.645,-18.236842105263218
1999-01-31,287.0,-1.7123287671232834,4.722105263157895,7.710526315789501
1999-02-28,287.0,0.0,4.998947368421053,27.684210526315844
1999-03-31,286.0,-0.34843205574912606,5.232608695652174,23.3661327231121
1999-04-30,283.0,-1.0489510489510523,5.184545454545455,-4.8063241106719445
1999-05-31,276.0,-2.473498233215543,5.539499999999999,35.495454545454486
1999-06-30,261.0,-5.434782608695654,5.899545454545454,36.0045454545455
1999-07-31,256.0,-1.9157088122605415,5.791904761904762,-10.764069264069231
1999-08-31,257.0,0.390625,5.9390909090909085,14.718614718614642
1999-09-30,265.0,3.112840466926059,5.915238095238095,-2.385281385281335
1999-10-31,311.0,17.35849056603773,6.112,19.67619047619049
1999-11-30,293.0,-5.787781350482312,6.034,-7.800000000000029
1999-12-31,283.0,-3.4129692832764458,6.275454545454545,24.14545454545456
2000-01-31,284.0,0.35335689045936647,6.661,38.55454545454542
2000-02-29,300.0,5.633802816901401,6.519499999999999,-14.150000000000063
2000-03-31,286.0,-4.666666666666663,6.256521739130435,-26.297826086956366
2000-04-30,280.0,-2.0979020979020935,5.990526315789474,-26.59954233409616
2000-05-31,275.0,-1.7857142857142905,6.440454545454545,44.99282296650718
2000-06-30,286.0,4.0000000000000036,6.097272727272728,-34.318181818181785
2000-07-31,282.0,-1.3986013986013957,6.054,-4.327272727272735
2000-08-31,274.47,-2.670212765957436,5.826086956521739,-22.791304347826102
2000-09-30,274.0,-0.17123911538602377,5.799,-2.708695652173887
2000-10-31,270.0,-1.4598540145985384,5.738571428571428,-6.042857142857194
2000-11-30,266.0,-1.4814814814814836,5.717142857142857,-2.1428571428571352
2000-12-31,271.0,1.8796992481203034,5.2405,-47.66428571428571
2001-01-31,265.0,-2.2140221402214055,5.160952380952381,-7.95476190476192
2001-02-28,262.0,-1.132075471698113,5.098947368421053,-6.200501253132806
2001-03-31,263.0,0.3816793893129722,4.885454545454546,-21.349282296650696
2001-04-30,260.0,-1.1406844106463865,5.141,25.55454545454543
2001-05-31,272.0,4.615384615384621,5.391363636363637,25.036363636363657
2001-06-30,270.0,-0.7352941176470562,5.284285714285714,-10.707792207792277
2001-07-31,268.0,-0.7407407407407418,5.236190476190477,-4.809523809523686
2001-08-31,272.0,1.4925373134328401,4.971304347826087,-26.488612836438996
2001-09-30,283.0,4.044117647058831,4.731764705882353,-23.953964194373434
2001-10-31,283.0,0.0,4.566818181818181,-16.49465240641712
2001-11-30,276.0,-2.473498233215543,4.6515,8.468181818181897
2001-12-31,276.0,0.0,5.0875,43.599999999999994
2002-01-31,282.0,2.1739130434782705,5.035714285714286,-5.178571428571477
2002-02-28,296.0,4.964539007092195,4.911578947368421,-12.413533834586499
2002-03-31,294.0,-0.6756756756756799,5.284000000000001,37.24210526315801
2002-04-30,303.0,3.0612244897959107,5.210909090909091,-7.309090909090976
2002-05-31,314.0,3.630363036303641,5.164545454545455,-4.636363636363594
2002-06-30,321.0,2.2292993630573354,4.9265,-23.80454545454551
2002-07-31,313.0,-2.492211838006231,4.653181818181818,-27.331818181818157
2002-08-31,310.0,-0.9584664536741228,4.257272727272727,-39.59090909090914
2002-09-30,319.0,2.9032258064516148,3.87,-38.72727272727268
2002-10-31,317.0,-0.6269592476489061,3.940909090909091,7.090909090909081
2002-11-30,319.0,0.6309148264984188,4.048421052631579,10.751196172248845
2002-12-31,332.0,4.0752351097178785,4.032380952380952,-1.6040100250627631
2003-01-31,357.0,7.530120481927716,4.048571428571428,1.619047619047631
2003-02-28,359.0,0.5602240896358524,3.9026315789473687,-14.593984962405937
2003-03-31,341.0,-5.013927576601674,3.8071428571428574,-9.548872180451129
2003-04-30,328.0,-3.8123167155425186,3.958571428571428,15.14285714285708
2003-05-31,356.0,8.536585365853666,3.5690476190476192,-38.95238095238089
2003-06-30,356.0,0.0,3.334285714285714,-23.476190476190517
2003-07-31,351.0,-1.4044943820224698,3.975454545454546,64.1168831168832
2003-08-31,360.0,2.564102564102555,4.4452380952380945,46.97835497835485
2003-09-30,379.0,5.277777777777781,4.274285714285715,-17.095238095237963
2003-10-31,379.0,0.0,4.290454545454545,1.6168831168830167
2003-11-30,390.0,2.902374670184704,4.300000000000001,0.9545454545455634
2003-12-31,407.0,4.358974358974366,4.267727272727273,-3.227272727272812
2004-01-31,414.0,1.7199017199017286,4.1505,-11.722727272727251
2004-02-29,405.0,-2.1739130434782594,4.084210526315789,-6.628947368421123
2004-03-31,407.0,0.49382716049382047,3.826521739130435,-25.76887871853537
2004-04-30,403.0,-0.9828009828009798,4.347619047619047,52.10973084886121
2004-05-31,384.0,-4.714640198511166,4.7155000000000005,36.78809523809532
2004-06-30,392.0,2.083333333333326,4.733809523809524,1.830952380952322
2004-07-31,398.0,1.5306122448979664,4.498095238095239,-23.571428571428488
2004-08-31,401.0,0.7537688442211143,4.281363636363636,-21.673160173160255
2004-09-30,405.0,0.9975062344139696,4.1257142857142854,-15.564935064935081
2004-10-31,420.0,3.703703703703698,4.0969999999999995,-2.8714285714285914
2004-11-30,439.0,4.52380952380953,4.194,9.700000000000042
2004-12-31,442.0,0.6833712984054774,4.2309090909090905,3.690909090909056
2005-01-31,424.0,-4.072398190045245,4.221500000000001,-0.9409090909089812
2005-02-28,423.0,-0.2358490566037763,4.165263157894737,-5.623684210526392
2005-03-31,434.0,2.6004728132387633,4.497727272727273,33.246411483253624
2005-04-30,429.0,-1.1520737327188946,4.3409523809523805,-15.677489177489257
2005-05-31,422.0,-1.631701631701632,4.144285714285714,-19.666666666666632
2005-06-30,431.0,2.1327014218009532,3.998181818181818,-14.610389610389607
2005-07-31,424.0,-1.6241299303944357,4.1775,17.931818181818215
2005-08-31,438.0,3.301886792452824,4.262608695652174,8.510869565217405
2005-09-30,456.0,4.109589041095885,4.199047619047619,-6.356107660455557
2005-10-31,470.0,3.0701754385964897,4.4635,26.44523809523811
2005-11-30,477.0,1.4893617021276562,4.535,7.150000000000034
2005-12-31,510.0,6.91823899371069,4.467142857142857,-6.785714285714306
2006-01-31,550.0,7.843137254901955,4.416,-5.114285714285671
2006-02-28,555.0,0.9090909090909038,4.568947368421052,15.294736842105205
2006-03-31,557.0,0.3603603603603567,4.7239130434782615,15.496567505720904
2006-04-30,611.0,9.694793536804314,4.990526315789474,26.661327231121223
2006-05-31,675.0,10.474631751227491,5.11,11.947368421052662
2006-06-30,596.0,-11.703703703703706,5.106363636363636,-0.3636363636363882
2006-07-31,634.0,6.375838926174504,5.0875,-1.8863636363636083
2006-08-31,633.0,-0.1577287066246047,4.8765217391304345,-21.097826086956584
2006-09-30,598.0,-5.529225908372826,4.718999999999999,-15.75217391304351
2006-10-31,586.0,-2.006688963210701,4.729047619047619,1.0047619047619527
2006-11-30,628.0,7.167235494880542,4.595238095238095,-13.380952380952404
2006-12-31,630.0,0.31847133757962887,4.5645,-3.073809523809512
2007-01-31,631.0,0.15873015873015817,4.7595238095238095,19.50238095238097
2007-02-28,665.0,5.38827258320127,4.722631578947369,-3.6892230576440532
2007-03-31,655.0,-1.5037593984962405,4.5645454545454545,-15.80861244019145
2007-04-30,679.0,3.6641221374045907,4.6938095238095245,12.926406926407008
2007-05-31,667.0,-1.76730486008837,4.746363636363636,5.255411255411158
2007-06-30,656.0,-1.6491754122938573,5.102857142857142,35.64935064935062
2007-07-31,665.0,1.3719512195121908,5.0042857142857144,-9.857142857142787
2007-08-31,665.0,0.0,4.674782608695652,-32.95031055900628
2007-09-30,713.0,7.218045112781946,4.521578947368421,-15.320366132723073
2007-10-31,755.0,5.890603085554003,4.527727272727272,0.6148325358851459
2007-11-30,806.0,6.754966887417213,4.1485,-37.92272727272721
2007-12-31,803.0,-0.3722084367245637,4.0975,-5.100000000000016
2008-01-31,890.0,10.83437110834371,3.744285714285714,-35.32142857142859
2008-02-29,922.0,3.5955056179775235,3.7375,-0.6785714285714395
2008-03-31,968.0,4.989154013015185,3.5100000000000002,-22.749999999999957
2008-04-30,910.0,-5.991735537190079,3.675,16.499999999999957
2008-05-31,889.0,-2.3076923076923106,3.8800000000000003,20.50000000000005
2008-06-30,889.0,0.0,4.099523809523809,21.9523809523809
2008-07-31,940.0,5.7367829021372385,4.007727272727273,-9.179653679653654
2008-08-31,839.0,-10.744680851063826,3.8857142857142852,-12.201298701298757
2008-09-30,830.0,-1.0727056019070313,3.6861904761904762,-19.9523809523809
2008-10-31,807.0,-2.7710843373493943,3.814090909090909,12.790043290043274
2008-11-30,761.0,-5.700123915737299,3.526666666666667,-28.742424242424214
2008-12-31,816.0,7.227332457293034,2.4163636363636365,-111.03030303030303
2009-01-31,859.0,5.269607843137258,2.5175,10.113636363636358
2009-02-28,943.0,9.778812572759033,2.87,35.25
2009-03-31,924.0,-2.0148462354188768,2.819545454545455,-5.045454545454531
2009-04-30,890.0,-3.6796536796536827,2.927142857142857,10.759740259740225
2009-05-31,929.0,4.3820224719101075,3.293,36.58571428571431
2009-06-30,946.0,1.829924650161474,3.7218181818181817,42.881818181818154
2009-07-31,934.0,-1.2684989429175508,3.5622727272727275,-15.954545454545421
2009-08-31,949.0,1.6059957173447437,3.587142857142857,2.487012987012971
2009-09-30,996.59,5.014752370916753,3.401904761904762,-18.52380952380952
2009-10-31,1043.0,4.656879960665861,3.3876190476190478,-1.4285714285714235
2009-11-30,1127.0,8.053691275167797,3.4026315789473687,1.5012531328320922
2009-12-31,1135.0,0.709849157054121,3.5900000000000003,18.736842105263165
2010-01-31,1118.0,-1.49779735682819,3.7331578947368427,14.315789473684237
2010-02-28,1095.0,-2.0572450805008913,3.691052631578947,-4.210526315789576
2010-03-31,1113.0,1.6438356164383494,3.7273913043478264,3.6338672768879476
2010-04-30,1149.0,3.2345013477088846,3.8468181818181817,11.94268774703553
2010-05-31,1205.0,4.8738033072236675,3.4200000000000004,-42.68181818181813
2010-06-30,1233.0,2.3236514522821494,3.2040909090909087,-21.59090909090917
2010-07-31,1193.0,-3.2441200324412,3.0114285714285716,-19.26623376623371
2010-08-31,1216.0,1.9279128248113953,2.6986363636363637,-31.279220779220786
2010-09-30,1271.0,4.523026315789469,2.6476190476190475,-5.101731601731618
2010-10-31,1342.0,5.58615263571991,2.54,-10.76190476190475
2010-11-30,1370.0,2.086438152011927,2.763,22.299999999999986
2010-12-31,1391.0,1.532846715328473,3.290909090909091,52.79090909090911
2011-01-31,1360.0,-2.2286125089863384,3.3939999999999997,10.309090909090868
2011-02-28,1375.0,1.1029411764705843,3.5763157894736843,18.231578947368465
2011-03-31,1423.0,3.4909090909091,3.4143478260869564,-16.19679633867279
2011-04-30,1481.0,4.075895994378076,3.4549999999999996,4.065217391304321
2011-05-31,1513.0,2.160702228224176,3.168571428571429,-28.64285714285706
2011-06-30,1529.0,1.0575016523463265,3.002272727272727,-16.629870129870206
2011-07-31,1573.0,2.877697841726623,3.003,0.07272727272731316
2011-08-31,1759.0,11.824539097266374,2.3030434782608693,-69.99565217391309
2011-09-30,1772.0,0.7390562819783897,1.975238095238095,-32.78053830227743
2011-10-31,1666.0,-5.981941309255079,2.152,17.676190476190513
2011-11-30,1739.0,4.3817527010804325,2.0134999999999996,-13.850000000000051
2011-12-31,1640.0,-5.692926969522716,1.9780952380952381,-3.5404761904761495
2012-01-31,1654.0,0.8536585365853666,1.9665,-1.1595238095238214
2012-02-29,1745.0,5.501813784764198,1.9675,0.10000000000001119
2012-03-31,1676.0,-3.9541547277937017,2.1727272727272724,20.522727272727238
2012-04-30,1649.0,-1.610978520286399,2.052857142857143,-11.987012987012946
2012-05-31,1589.0,-3.6385688295936913,1.8031818181818182,-24.96753246753247
2012-06-30,1599.0,0.6293266205160464,1.6223809523809525,-18.080086580086572
2012-07-31,1594.0,-0.3126954346466593,1.5266666666666668,-9.571428571428564
2012-08-31,1630.0,2.258469259723972,1.6782608695652175,15.159420289855063
2012-09-30,1745.0,7.055214723926384,1.7231578947368422,4.489702517162475
2012-10-31,1747.0,0.11461318051575464,1.7461904761904763,2.303258145363407
2012-11-30,1722.0,-1.431024613623355,1.654,-9.219047619047638
2012-12-31,1685.0,-2.1486643437862996,1.719,6.500000000000017
2013-01-31,1672.0,-0.771513353115727,1.9147619047619049,19.57619047619048
2013-02-28,1628.0,-2.631578947368418,1.9842105263157896,6.944862155388476
2013-03-31,1593.0,-2.149877149877155,1.9575,-2.671052631578963
2013-04-30,1488.0,-6.591337099811678,1.7590909090909093,-19.840909090909076
2013-05-31,1414.0,-4.9731182795698885,1.9281818181818182,16.909090909090896
2013-06-30,1343.0,-5.0212164073550225,2.3,37.18181818181816
2013-07-31,1286.0,-4.244229337304539,2.5822727272727275,28.22727272727277
2013-08-31,1352.0,5.132192846034211,2.7372727272727273,15.49999999999998
2013-09-30,1349.0,-0.2218934911242587,2.8095,7.2227272727272585
2013-10-31,1317.0,-2.3721275018532273,2.6159090909090907,-19.359090909090916
2013-11-30,1276.0,-3.1131359149582427,2.718421052631579,10.251196172248811
2013-12-31,1222.0,-4.2319749216300995,2.901904761904762,18.348370927318314
2014-01-31,1244.0,1.8003273322422242,2.858095238095238,-4.380952380952419
2014-02-28,1300.0,4.5016077170418,2.709473684210526,-14.862155388471177
2014-03-31,1336.0,2.7692307692307683,2.723333333333333,1.3859649122807127
2014-04-30,1298.0,-2.844311377245512,2.705238095238095,-1.8095238095237942
2014-05-31,1289.0,-0.6933744221879867,2.559047619047619,-14.61904761904762
2014-06-30,1279.0,-0.7757951900698168,2.5985714285714288,3.952380952380974
2014-07-31,1311.0,2.501954652071925,2.5422727272727275,-5.629870129870129
2014-08-31,1295.0,-1.2204424103737566,2.42,-12.227272727272753
2014-09-30,1237.0,-4.478764478764474,2.5342857142857143,11.428571428571432
2014-10-31,1222.0,-1.212611156022636,2.304090909090909,-23.019480519480506
2014-11-30,1175.0,-3.8461538461538436,2.3255555555555554,2.1464646464646187
2014-12-31,1201.0,2.212765957446816,2.2072727272727275,-11.828282828282788
2015-01-31,1251.0,4.163197335553703,1.8815000000000002,-32.577272727272735
2015-02-28,1227.0,-1.918465227817745,1.9752631578947368,9.376315789473665
2015-03-31,1179.0,-3.9119804400977953,2.0427272727272725,6.746411483253567
2015-04-30,1199.0,1.6963528413910023,1.935,-10.772727272727245
2015-05-31,1199.0,0.0,2.1975000000000002,26.250000000000018
2015-06-30,1182.0,-1.4178482068390341,2.3636363636363638,16.613636363636353
2015-07-31,1128.0,-4.5685279187817285,2.3245454545454547,-3.9090909090909065
2015-08-31,1118.0,-0.886524822695034,2.1671428571428573,-15.740259740259743
2015-09-30,1125.0,0.6261180679785427,2.172857142857143,0.5714285714285783
2015-10-31,1159.0,3.022222222222215,2.07,-10.28571428571432
2015-11-30,1086.0,-6.298533218291635,2.263157894736842,19.31578947368422
2015-12-31,1076.0,-0.9208103130755041,2.2427272727272727,-2.0430622009569355
2016-01-31,1098.0,2.0446096654274992,2.0852631578947367,-15.746411483253597
2016-02-29,1200.0,9.289617486338809,1.7795,-30.57631578947366
2016-03-31,1245.0,3.750000000000009,1.8890909090909092,10.959090909090907
2016-04-30,1242.0,-0.24096385542168308,1.805238095238095,-8.385281385281406
2016-05-31,1261.0,1.5297906602254496,1.8061904761904761,0.09523809523810378
2016-06-30,1276.0,1.1895321173671647,1.6440909090909093,-16.209956709956685
2016-07-31,1337.0,4.780564263322895,1.504,-14.009090909090926
2016-08-31,1340.0,0.2243829468960401,1.556521739130435,5.25217391304349
2016-09-30,1327.0,-0.970149253731345,1.6304761904761906,7.395445134575573
2016-10-31,1267.0,-4.5214770158251705,1.7645,13.402380952380932
2016-11-30,1238.0,-2.2888713496448276,2.1420000000000003,37.75000000000004
2016-12-31,1157.0,-6.542810985460424,2.491904761904762,34.99047619047615
2017-01-31,1192.0,3.025064822817636,2.4325,-5.940476190476174
2017-02-28,1234.0,3.523489932885915,2.4189473684210525,-1.3552631578947594
2017-03-31,1231.0,-0.2431118314424663,2.4817391304347827,6.279176201373016
2017-04-30,1267.0,2.924451665312744,2.2973684210526315,-18.437070938215115
2017-05-31,1246.0,-1.6574585635359074,2.3036363636363637,0.62679425837322
2017-06-30,1260.0,1.1235955056179803,2.186818181818182,-11.681818181818171
2017-07-31,1237.0,-1.82539682539683,2.318,13.118181818181807
2017-08-31,1283.0,3.7186742118027416,2.2091304347826086,-10.886956521739144
2017-09-30,1314.0,2.4162120031177015,2.202,-0.7130434782608663
2017-10-31,1280.0,-2.5875190258751957,2.3600000000000003,15.800000000000036
2017-11-30,1282.0,0.15624999999999112,2.3533333333333335,-0.6666666666666821
2017-12-31,1264.0,-1.404056162246492,2.4025,4.916666666666636
2018-01-31,1331.0,5.3006329113924,2.583809523809524,18.130952380952394
2018-02-28,1331.0,0.0,2.8589473684210525,27.513784461152866
2018-03-31,1325.0,-0.4507888805409421,2.8423809523809522,-1.656641604010023
2018-04-30,1335.0,0.7547169811320753,2.869047619047619,2.666666666666684
2018-05-31,1303.0,-2.397003745318349,2.977727272727273,10.867965367965393
2018-06-30,1282.0,-1.6116653875671516,2.9123809523809525,-6.534632034632049
2018-07-31,1238.0,-3.432137285491421,2.889047619047619,-2.333333333333343
2018-08-31,1202.0,-2.9079159935379684,2.889130434782609,0.008281573498969408
2018-09-30,1198.0,-0.33277870216306127,3.004210526315789,11.508009153318044
2018-10-31,1215.0,1.4190317195325486,3.152272727272727,14.806220095693767
2018-11-30,1221.0,0.49382716049382047,3.117,-3.52727272727269
2018-12-31,1250.0,2.375102375102367,2.8326315789473684,-28.43684210526316
2019-01-31,1292.0,3.3600000000000074,2.713809523809524,-11.882205513784427
2019-02-28,1320.0,2.1671826625387025,2.6763157894736844,-3.749373433583969
2019-03-31,1301.0,-1.4393939393939403,2.570952380952381,-10.536340852130355
2019-04-30,1286.0,-1.152959262106068,2.532380952380952,-3.85714285714287
2019-05-31,1284.0,-0.15552099533436836,2.395,-13.738095238095216
2019-06-30,1359.0,5.841121495327095,2.074,-32.100000000000016
2019-07-31,1413.0,3.9735099337748325,2.059090909090909,-1.490909090909076
2019-08-31,1500.0,6.157112526539277,1.6263636363636365,-43.272727272727266
2019-09-30,1511.0,0.7333333333333414,1.6995,7.3136363636363555
2019-10-31,1495.0,-1.0589013898080757,1.7068181818181818,0.7318181818181779
2019-11-30,1471.0,-1.6053511705685586,1.8121052631578947,10.528708133971287
2019-12-31,1479.0,0.5438477226376692,1.8628571428571428,5.07518796992481
2020-01-31,1561.0,5.544286680189314,1.7576190476190479,-10.52380952380949
2020-02-29,1597.0,2.3062139654068003,1.5042105263157897,-25.34085213032582
2020-03-31,1592.0,-0.3130870381966133,0.87,-63.421052631578966
2020-04-30,1683.0,5.71608040201006,0.6576190476190477,-21.238095238095234
2020-05-31,1716.0,1.9607843137254832,0.674,1.6380952380952385
2020-06-30,1732.0,0.932400932400923,0.7286363636363636,5.463636363636359
2020-07-31,1847.0,6.639722863741349,0.6236363636363637,-10.499999999999998
2020-08-31,1969.0,6.605305901461822,0.65,2.6363636363636367
2020-09-30,1922.0,-2.3869984763839502,0.6795238095238095,2.9523809523809508
2020-10-31,1900.0,-1.144640998959412,0.7871428571428571,10.761904761904761
2020-11-30,1866.0,-1.7894736842105297,0.8700000000000001,8.285714285714295
2020-12-31,1858.0,-0.4287245444801746,0.9336363636363636,6.363636363636349
2021-01-31,1867.0,0.4843918191603791,1.0810526315789473,14.741626794258366
2021-02-28,1808.0,-3.160149973219073,1.2578947368421052,17.68421052631579
2021-03-31,1718.0,-4.97787610619469,1.6108695652173912,35.297482837528605
2021-04-30,1760.0,2.4447031431897637,1.635,2.413043478260879
2021-05-31,1850.0,5.1136363636363535,1.621,-1.4000000000000012
2021-06-30,1835.0,-0.8108108108108136,1.5190909090909093,-10.190909090909074
2021-07-31,1808.0,-1.4713896457765663,1.3185714285714287,-20.051948051948052
2021-08-31,1785.0,-1.2721238938053103,1.2831818181818182,-3.5389610389610526
2021-09-30,1775.0,-0.5602240896358524,1.3747619047619049,9.158008658008665
2021-10-31,1777.0,0.11267605633802358,1.5825,20.77380952380952
2021-11-30,1822.0,2.532357906584126,1.5595,-2.299999999999991
2021-12-31,1790.0,-1.7563117453347932,1.4649999999999999,-9.450000000000024
2022-01-31,1816.0,1.452513966480451,1.764,29.900000000000016
2022-02-28,1856.0,2.2026431718061623,1.9342105263157894,17.021052631578936
2022-03-31,1948.0,4.956896551724133,2.1278260869565218,19.361556064073238
2022-04-30,1937.0,-0.5646817248459945,2.7475,61.96739130434783
2022-05-31,1849.0,-4.543107898812593,2.8980952380952383,15.059523809523823
2022-06-30,1837.0,-0.6489994591671211,3.1433333333333335,24.523809523809526
2022-07-31,1733.0,-5.661404463799668,2.896,-24.733333333333363
2022-08-31,1765.0,1.8465089440276916,2.8978260869565218,0.18260869565218663
2022-09-30,1681.0,-4.759206798866855,3.5190476190476194,62.12215320910977
2022-10-31,1664.0,-1.0113027959547938,3.9835000000000003,46.44523809523808
2022-11-30,1725.0,3.6658653846153744,3.8909999999999996,-9.25000000000007
2022-12-31,1798.0,4.231884057971014,3.616190476190476,-27.48095238095236
2023-01-31,1898.0,5.561735261401557,3.5315,-8.46904761904761
2023-02-28,1855.0,-2.265542676501575,3.7468421052631578,21.53421052631579
2023-03-31,1913.0,3.126684636118604,3.6630434782608696,-8.379862700228813
2023-04-30,2000.0,4.5478306325143825,3.46,-20.304347826086968
2023-05-31,1992.0,-0.40000000000000036,3.5736363636363637,11.363636363636376
2023-06-30,1943.0,-2.459839357429716,3.7480952380952384,17.445887445887465
2023-07-31,1951.0,0.4117344312918103,3.8994999999999997,15.140476190476138
2023-08-31,1919.0,-1.6401845207585808,4.167826086956522,26.832608695652205
2023-09-30,1916.0,-0.15633142261594069,4.379,21.117391304347777
2023-10-31,1916.0,0.0,4.798095238095239,41.909523809523904
2023-11-30,1984.0,3.5490605427974886,4.502857142857143,-29.523809523809597
2023-12-31,2026.0,2.116935483870974,4.0200000000000005,-48.28571428571422
2024-01-31,2034.0,0.39486673247779436,4.058095238095238,3.809523809523796
2024-02-29,2023.0,-0.5408062930186808,4.2075000000000005,14.940476190476204
2024-03-31,2158.0,6.673257538309452,4.2085,0.09999999999994458
2024-04-30,2331.0,8.016682113067652,4.539090909090909,33.05909090909091
2024-05-31,2351.0,0.8580008580008514,4.482272727272727,-5.681818181818166
2024-06-30,2326.0,-1.063377286261169,4.3052631578947365,-17.700956937799095
2024-07-31,2398.0,3.095442820292349,4.248636363636364,-5.662679425837247
2024-08-31,2470.0,3.0025020850708906,3.8709090909090906,-37.77272727272734
2024-09-30,2571.0,4.089068825910935,3.7235,-14.74090909090906
2024-10-31,2690.0,4.628549202644883,4.095454545454545,37.195454545454474
2024-11-30,2651.0,-1.4498141263940556,4.35578947368421,26.033492822966497
2024-12-31,2648.0,-0.11316484345530453,4.3914285714285715,3.563909774436169
2025-01-31,2710.0,2.3413897280966767,4.629047619047618,23.761904761904695
2025-02-28,2895.0,6.826568265682664,4.451052631578947,-17.799498746867126
2025-03-31,2983.0,3.0397236614853274,4.2804761904761905,-17.05764411027566
2025-04-30,3218.0,7.877975192758968,4.279047619047619,-0.14285714285717788
2025-05-31,3309.0,2.827843380981987,4.423809523809524,14.476190476190531
2025-06-30,3353.0,1.3297068600785833,4.3835,-4.030952380952435
2025-07-31,3340.0,-0.3877124962719969,4.391818181818182,0.8318181818181891
2025-08-31,3368.0,0.8383233532934131,4.2647619047619045,-12.705627705627709
2025-09-30,3668.0,8.90736342042755,4.12047619047619,-14.428571428571413
2025-10-31,4058.33,10.641494002181018,4.0618181818181816,-5.865800865800885
2025-11-30,4087.0,0.7064482188486432,4.0938888888888885,3.2070707070706916
2025-12-31,4309.0,5.431857107903104,4.1431818181818185,4.929292929293005
2026-01-31,4753.0,10.304014852634014,4.2135,7.031818181818128
2026-02-28,5020.0,5.6175047338522965,4.12578947368421,-8.771052631578957
2026-03-31,4856.0,-3.266932270916334,4.245909090909091,12.011961722488085
2026-04-30,4721.0,-2.7800658978583193,4.319090909090909,7.318181818181824
2026-05-31,4587.0,-2.8383816987926247,4.484,16.490909090909067
2026-06-30,4228.0,-7.826466099847396,4.47047619047619,-1.3523809523809938
2026-07-31,4073.0,-3.6660359508041584,4.599545454545455,12.906926406926456
2026-08-31,4411.0,8.298551436287749,4.684285714285714,8.474025974025956
